﻿<?xml version="1.0" encoding="utf-8" ?>
<List>
	<!--
	[Tag]
	1 = New
	2 = Mode Event
	3 = Tag Event
	-->
	<Map Mode="1" Id="1" Limit="16" Tag="0" />
	<Map Mode="1" Id="2" Limit="16" Tag="0"  />
	<Map Mode="1" Id="3" Limit="16" Tag="0" />
	<Map Mode="1" Id="4" Limit="16" Tag="0" />
	<Map Mode="1" Id="5" Limit="16" Tag="0" />
	<Map Mode="1" Id="6" Limit="16" Tag="0" />
	<Map Mode="1" Id="7" Limit="16" Tag="0" />
	<Map Mode="1" Id="9" Limit="8" Tag="0" />
	<Map Mode="1" Id="10" Limit="8" Tag="0" />
	<Map Mode="1" Id="11" Limit="16" Tag="0" />
	<Map Mode="1" Id="12" Limit="16" Tag="0" />
	<Map Mode="1" Id="18" Limit="16" Tag="0" />
	<Map Mode="1" Id="20" Limit="16" Tag="0" />
	<Map Mode="1" Id="21" Limit="16" Tag="0" />
	<Map Mode="1" Id="22" Limit="16" Tag="0" />
	<Map Mode="1" Id="23" Limit="16" Tag="0" />
	<Map Mode="1" Id="26" Limit="16" Tag="0" />
	<Map Mode="1" Id="27" Limit="16" Tag="0" />
	<Map Mode="1" Id="28" Limit="16" Tag="0" />
	<Map Mode="1" Id="29" Limit="16" Tag="0" />
	<Map Mode="1" Id="30" Limit="16" Tag="1" />
	<Map Mode="1" Id="31" Limit="16" Tag="0" />
	<Map Mode="1" Id="32" Limit="16" Tag="0" />
	<Map Mode="1" Id="33" Limit="16" Tag="0" />
	<Map Mode="1" Id="34" Limit="16" Tag="0" />
	<Map Mode="1" Id="35" Limit="16" Tag="0" />
	<Map Mode="1" Id="36" Limit="16" Tag="0" />
	<Map Mode="1" Id="37" Limit="16" Tag="0" />
	<Map Mode="1" Id="41" Limit="8" Tag="0" />
	<Map Mode="1" Id="65" Limit="16" Tag="0" />
	<Map Mode="1" Id="69" Limit="16" Tag="0" />
	<Map Mode="1" Id="74" Limit="16" Tag="0" />
	
	<Map Mode="1" Id="77" Limit="16" Tag="0" />
	<Map Mode="1" Id="79" Limit="16" Tag="0" />
	<Map Mode="1" Id="80" Limit="16" Tag="1" /><!--New library-->
	<Map Mode="1" Id="83" Limit="16" Tag="1" />
	<Map Mode="1" Id="87" Limit="16" Tag="1" />
	<Map Mode="1" Id="95" Limit="16" Tag="1" />
	<Map Mode="1" Id="97" Limit="16" Tag="1" />
	<Map Mode="1" Id="103" Limit="16" Tag="1" />
	<!-- Bomb -->
	<Map Mode="2" Id="12" Limit="16" Tag="0" />
	<Map Mode="2" Id="13" Limit="16" Tag="0" />
	<Map Mode="2" Id="14" Limit="16" Tag="0" />
	<Map Mode="2" Id="15" Limit="16" Tag="0" />
	<Map Mode="2" Id="19" Limit="16" Tag="0" />
	<Map Mode="2" Id="24" Limit="16" Tag="0" />
	<Map Mode="2" Id="25" Limit="16" Tag="0" />
	<Map Mode="2" Id="43" Limit="16" Tag="0" />
	<Map Mode="2" Id="44" Limit="16" Tag="0" />
	<Map Mode="2" Id="45" Limit="16" Tag="0" />
	<Map Mode="2" Id="46" Limit="16" Tag="0" />
	<Map Mode="2" Id="47" Limit="16" Tag="0" />
	<Map Mode="2" Id="48" Limit="16" Tag="0" />
	<Map Mode="2" Id="76" Limit="16" Tag="0" />
	<Map Mode="2" Id="84" Limit="16" Tag="1" />
	<Map Mode="2" Id="89" Limit="10" Tag="1" />
	<Map Mode="2" Id="91" Limit="16" Tag="1" />
	<Map Mode="2" Id="93" Limit="16" Tag="1" />
	<Map Mode="2" Id="98" Limit="16" Tag="1" />
	<Map Mode="2" Id="99" Limit="16" Tag="0" />
	<Map Mode="2" Id="109" Limit="16" Tag="1" /><!--Ncementery-->
	<Map Mode="3" Id="17" Limit="16" Tag="0" />
	<Map Mode="3" Id="51" Limit="16" Tag="0" />
	<Map Mode="4" Id="1" Limit="16" Tag="0" />
	<Map Mode="4" Id="2" Limit="16" Tag="0" />
	<Map Mode="4" Id="4" Limit="16" Tag="0" />
	<Map Mode="4" Id="9" Limit="8" Tag="0" />
	<Map Mode="4" Id="10" Limit="8" Tag="0" />
	<Map Mode="4" Id="18" Limit="16" Tag="0" />
	<Map Mode="4" Id="20" Limit="16" Tag="0" />
	<Map Mode="4" Id="28" Limit="16" Tag="0" />
	<Map Mode="4" Id="34" Limit="16" Tag="0" />
	<Map Mode="4" Id="41" Limit="8" Tag="0" />
	<Map Mode="4" Id="65" Limit="16" Tag="0" />
	<Map Mode="4" Id="77" Limit="16" Tag="0" />
	<Map Mode="4" Id="80" Limit="16" Tag="0" />
	<Map Mode="5" Id="52" Limit="16" Tag="0" />
	<!-- FREE4ALL-->
	<Map Mode="6" Id="100" Limit="16" Tag="1" />
	<Map Mode="6" Id="103" Limit="16" Tag="1" />
	
	
	<Map Mode="7" Id="53" Limit="16" Tag="0" />
	<Map Mode="7" Id="54" Limit="16" Tag="0" />
	<Map Mode="7" Id="55" Limit="16" Tag="0" />
	<Map Mode="8" Id="1" Limit="16" Tag="0" />
	<Map Mode="8" Id="2" Limit="16" Tag="0" />
	<Map Mode="8" Id="4" Limit="16" Tag="0" />
	<Map Mode="8" Id="5" Limit="16" Tag="0" />
	<Map Mode="8" Id="7" Limit="16" Tag="0" />
	<Map Mode="8" Id="9" Limit="8" Tag="0" />
	<Map Mode="8" Id="10" Limit="8" Tag="0" />
	<Map Mode="8" Id="23" Limit="16" Tag="0" />
	<Map Mode="8" Id="29" Limit="16" Tag="0" />
	<Map Mode="8" Id="77" Limit="16" Tag="0" />
	<Map Mode="8" Id="79" Limit="16" Tag="0" />
	<Map Mode="8" Id="80" Limit="16" Tag="0" />
	<Map Mode="10" Id="57" Limit="16" Tag="0" />
	<Map Mode="13" Id="85" Limit="16" Tag="0" />
	
	
	<Map Mode="15" Id="1" Limit="16" Tag="0" />
	<Map Mode="15" Id="2" Limit="16" Tag="0" />
	<Map Mode="15" Id="4" Limit="16" Tag="0" />
	<Map Mode="15" Id="7" Limit="16" Tag="0" />
	<Map Mode="15" Id="9" Limit="8" Tag="0" />
	<Map Mode="15" Id="10" Limit="8" Tag="0" />
	<Map Mode="15" Id="20" Limit="16" Tag="0" />
	<Map Mode="15" Id="23" Limit="16" Tag="0" />
	<Map Mode="15" Id="42" Limit="16" Tag="0" />
	<Map Mode="15" Id="79" Limit="16" Tag="0" />
	<Map Mode="15" Id="80" Limit="16" Tag="0" />
	
	<Map Mode="16" Id="1" Limit="8" Tag="0" />
	<Map Mode="16" Id="9" Limit="8" Tag="0" />
	
	<Map Mode="18" Id="78" Limit="8" Tag="0" />
	<Map Mode="18" Id="92" Limit="8" Tag="0" />
	<Map Mode="18" Id="101" Limit="8" Tag="0" />
	<Map Mode="19" Id="1" Limit="16" Tag="0" />
	<Map Mode="19" Id="2" Limit="16" Tag="0" />
	<Map Mode="19" Id="4" Limit="16" Tag="0" />
	<Map Mode="19" Id="5" Limit="16" Tag="0" />
	<Map Mode="19" Id="6" Limit="16" Tag="0" />
	<Map Mode="19" Id="7" Limit="16" Tag="0" />
	<Map Mode="19" Id="9" Limit="8" Tag="0" />
	<Map Mode="19" Id="10" Limit="8" Tag="0" />
	<Map Mode="19" Id="11" Limit="16" Tag="0" />
	<Map Mode="19" Id="18" Limit="16" Tag="0" />
	<Map Mode="19" Id="21" Limit="16" Tag="0" />
	<Map Mode="19" Id="23" Limit="16" Tag="0" />
	<Map Mode="19" Id="26" Limit="16" Tag="0" />
	<Map Mode="19" Id="29" Limit="16" Tag="0" />
	<Map Mode="19" Id="32" Limit="16" Tag="0" />
	<Map Mode="19" Id="33" Limit="16" Tag="0" />
	<Map Mode="19" Id="34" Limit="16" Tag="0" />
	<Map Mode="19" Id="35" Limit="16" Tag="0" />
	<Map Mode="19" Id="36" Limit="16" Tag="0" />
	<Map Mode="19" Id="37" Limit="16" Tag="0" />
	<Map Mode="19" Id="41" Limit="8" Tag="0" />
	<Map Mode="19" Id="42" Limit="16" Tag="0" />
	<Map Mode="19" Id="65" Limit="16" Tag="0" />
	<Map Mode="19" Id="69" Limit="16" Tag="0" />
	<Map Mode="19" Id="74" Limit="16" Tag="0" />
	<Map Mode="19" Id="77" Limit="16" Tag="0" />
	<Map Mode="19" Id="79" Limit="16" Tag="0" />
	<Map Mode="19" Id="80" Limit="16" Tag="0" />
	<Map Mode="20" Id="1" Limit="16" Tag="0" />
	<Map Mode="20" Id="2" Limit="16" Tag="0" />
	<Map Mode="20" Id="4" Limit="16" Tag="0" />
	<Map Mode="20" Id="5" Limit="16" Tag="0" />
	<Map Mode="20" Id="6" Limit="16" Tag="0" />
	<Map Mode="20" Id="7" Limit="16" Tag="0" />
	<Map Mode="20" Id="9" Limit="8" Tag="0" />
	<Map Mode="20" Id="10" Limit="8" Tag="0" />
	<Map Mode="20" Id="11" Limit="16" Tag="0" />
	<Map Mode="20" Id="18" Limit="16" Tag="0" />
	<Map Mode="20" Id="20" Limit="16" Tag="0" />
	<Map Mode="20" Id="21" Limit="16" Tag="0" />
	<Map Mode="20" Id="22" Limit="16" Tag="0" />
	<Map Mode="20" Id="23" Limit="16" Tag="0" />
	<Map Mode="20" Id="26" Limit="16" Tag="0" />
	<Map Mode="20" Id="27" Limit="16" Tag="0" />
	<Map Mode="20" Id="28" Limit="16" Tag="0" />
	<Map Mode="20" Id="29" Limit="16" Tag="0" />
	<Map Mode="20" Id="32" Limit="16" Tag="0" />
	<Map Mode="20" Id="33" Limit="16" Tag="0" />
	<Map Mode="20" Id="34" Limit="16" Tag="0" />
	<Map Mode="20" Id="35" Limit="16" Tag="0" />
	<Map Mode="20" Id="36" Limit="16" Tag="0" />
	<Map Mode="20" Id="37" Limit="16" Tag="0" />
	<Map Mode="20" Id="41" Limit="8" Tag="0" />
	<Map Mode="20" Id="42" Limit="16" Tag="0" />
	<Map Mode="20" Id="65" Limit="16" Tag="0" />
	<Map Mode="20" Id="69" Limit="16" Tag="0" />
	<Map Mode="20" Id="74" Limit="16" Tag="0" />
	<Map Mode="20" Id="77" Limit="16" Tag="0" />
	<Map Mode="20" Id="79" Limit="16" Tag="0" />
	<Map Mode="20" Id="80" Limit="16" Tag="0" />
	<Map Mode="21" Id="2" Limit="16" Tag="0" />
	<Map Mode="21" Id="4" Limit="16" Tag="0" />
	<Map Mode="21" Id="5" Limit="16" Tag="0" />
	<Map Mode="21" Id="6" Limit="16" Tag="0" />
	<Map Mode="21" Id="7" Limit="16" Tag="0" />
	<Map Mode="21" Id="9" Limit="8" Tag="0" />
	<Map Mode="21" Id="10" Limit="8" Tag="0" />
	<Map Mode="21" Id="11" Limit="16" Tag="0" />
	<Map Mode="21" Id="12" Limit="16" Tag="0" />
	<Map Mode="21" Id="18" Limit="16" Tag="0" />
	<Map Mode="21" Id="20" Limit="16" Tag="0" />
	<Map Mode="21" Id="21" Limit="16" Tag="0" />
	<Map Mode="21" Id="22" Limit="16" Tag="0" />
	<Map Mode="21" Id="23" Limit="16" Tag="0" />
	<Map Mode="21" Id="26" Limit="16" Tag="0" />
	<Map Mode="21" Id="28" Limit="16" Tag="0" />
	<Map Mode="21" Id="29" Limit="16" Tag="0" />
	<Map Mode="21" Id="35" Limit="16" Tag="0" />
	<Map Mode="21" Id="32" Limit="16" Tag="0" />
	<Map Mode="21" Id="33" Limit="8" Tag="0" />
	<Map Mode="21" Id="34" Limit="16" Tag="0" />
	<Map Mode="21" Id="35" Limit="16" Tag="0" />
	<Map Mode="21" Id="36" Limit="16" Tag="0" />
	<Map Mode="21" Id="37" Limit="16" Tag="0" />
	<Map Mode="21" Id="41" Limit="16" Tag="0" />
	<Map Mode="21" Id="80" Limit="16" Tag="0" />
	<Map Mode="22" Id="12" Limit="16" Tag="0" />
	<Map Mode="22" Id="13" Limit="16" Tag="0" />
	<Map Mode="22" Id="14" Limit="16" Tag="0" />
	<Map Mode="22" Id="15" Limit="16" Tag="0" />
	<Map Mode="22" Id="24" Limit="16" Tag="0" />
	<Map Mode="22" Id="45" Limit="16" Tag="0" />
	<Map Mode="23" Id="12" Limit="16" Tag="0" />
	<Map Mode="23" Id="13" Limit="16" Tag="0" />
	<Map Mode="23" Id="14" Limit="16" Tag="0" />
	<Map Mode="23" Id="15" Limit="16" Tag="0" />
	<Map Mode="23" Id="19" Limit="16" Tag="0" />
	<Map Mode="23" Id="24" Limit="16" Tag="0" />
	<Map Mode="23" Id="25" Limit="16" Tag="0" />
	<Map Mode="23" Id="44" Limit="16" Tag="0" />
	<Map Mode="23" Id="45" Limit="16" Tag="0" />
	<Map Mode="23" Id="46" Limit="16" Tag="0" />
	<Map Mode="23" Id="47" Limit="16" Tag="0" />
	<Map Mode="23" Id="48" Limit="16" Tag="0" />
	<Map Mode="23" Id="76" Limit="16" Tag="0" />
	<Map Mode="24" Id="47" Limit="16" Tag="0" />
	<Map Mode="26" Id="17" Limit="16" Tag="0" />
	<Map Mode="26" Id="51" Limit="16" Tag="0" />
	<Map Mode="29" Id="52" Limit="16" Tag="0" />
	<Map Mode="32" Id="53" Limit="16" Tag="0" />
	<!-- SPACE MODE -->
	<Map Mode="45" Id="94" Limit="16" Tag="1" />
	<Map Mode="45" Id="96" Limit="16" Tag="1" />
	<Map Mode="45" Id="104" Limit="16" Tag="1" />
   <!-- akong gi add deathmatch -->
   <Map Mode="1" Id="67" Limit="16" Tag="1" /> <!-- Pumpkin hollow -->
   <Map Mode="1" Id="113" Limit="16" Tag="1" /><!-- XINY PLAZA-->
   <Map Mode="1" Id="75" Limit="16" Tag="1" /><!--MerryWhiteVillage-->
   <Map Mode="1" Id="105" Limit="16" Tag="1" /><!--junkyard-->
   <Map Mode="1" Id="42" Limit="16" Tag="1" /><!--housemuesuim-->
   <Map Mode="1" Id="66" Limit="16" Tag="1" />   <!--hotelcamoflouge-->
</List>	