﻿<?xml version="1.0" encoding="utf-8" ?>
<List>
	<Map Id="0" Rule="0" StageOptions="0" Conditions="0" Name="" />
	<Map Id="1" Rule="0" StageOptions="1" Conditions="4" Name="STBL_IDX_GAMEMODE_DEATHMATCH" />
	<Map Id="2" Rule="128" StageOptions="1" Conditions="8" Name="STBL_IDX_GAMEMODE_BOMB" />
	<Map Id="3" Rule="128" StageOptions="1" Conditions="12" Name="STBL_IDX_GAMEMODE_DESTROY" />
	<Map Id="4" Rule="0" StageOptions="1" Conditions="16" Name="STBL_IDX_GAMEMODE_ANNIHILATION" />
	<Map Id="5" Rule="128" StageOptions="1" Conditions="20" Name="STBL_IDX_GAMEMODE_DEFENSE" />
	<Map Id="6" Rule="0" StageOptions="0" Conditions="24" Name="STBL_IDX_GAMEMODE_FREEFORALL" />
	<Map Id="7" Rule="128" StageOptions="0" Conditions="28" Name="STBL_IDX_GAMEMODE_ESCAPE" />
	<Map Id="8" Rule="32" StageOptions="0" Conditions="4" Name="STBL_IDX_GAMEMODE_HEADHUNTER" />
	<Map Id="9" Rule="0" StageOptions="0" Conditions="4" Name="STBL_IDX_GAMEMODE_HEADKILLER" />
	<Map Id="10" Rule="0" StageOptions="0" Conditions="40" Name="STBL_IDX_GAMEMODE_TUTORIAL" />
	<Map Id="11" Rule="0" StageOptions="0" Conditions="44" Name="STBL_IDX_GAMEMODE_DOMINATION" />
	<Map Id="12" Rule="0" StageOptions="0" Conditions="48" Name="STBL_IDX_GAMEMODE_CROSSCOUNT" />
	<Map Id="13" Rule="0" StageOptions="0" Conditions="52" Name="STBL_IDX_GAMEMODE_CONVOY" />
	<Map Id="14" Rule="0" StageOptions="0" Conditions="56" Name="STBL_IDX_GAMEMODE_RUNAWAY" />
	<Map Id="15" Rule="80" StageOptions="0" Conditions="4" Name="STBL_IDX_GAMEMODE_CHAOS" />
	<Map Id="16" Rule="0" StageOptions="2" Conditions="4" Name="STBL_IDX_GAMEMODE_DEATHMATCH_AIC" />
	<Map Id="17" Rule="0" StageOptions="4" Conditions="4" Name="STBL_IDX_GAMEMODE_DEATHMATCH_AID" />
	<Map Id="18" Rule="0" StageOptions="6" Conditions="4" Name="STBL_IDX_GAMEMODE_DEATHMATCH_AIM" />
	<Map Id="19" Rule="0" StageOptions="96" Conditions="4" Name="STBL_IDX_GAMEMODE_DEATHMATCH_SR" />
	<Map Id="20" Rule="0" StageOptions="128" Conditions="4" Name="STBL_IDX_GAMEMODE_DEATHMATCH_SG" />
	<Map Id="21" Rule="0" StageOptions="224" Conditions="4" Name="STBL_IDX_GAMEMODE_DEATHMATCH_KCL" />
	<Map Id="22" Rule="128" StageOptions="96" Conditions="8" Name="STBL_IDX_GAMEMODE_BOMB_SR" />
	<Map Id="23" Rule="128" StageOptions="128" Conditions="8" Name="STBL_IDX_GAMEMODE_BOMB_SG" />
	<Map Id="24" Rule="128" StageOptions="224" Conditions="8" Name="STBL_IDX_GAMEMODE_BOMB_KCL" />
	<Map Id="25" Rule="128" StageOptions="96" Conditions="12" Name="STBL_IDX_GAMEMODE_DESTROY_SR" />
	<Map Id="26" Rule="128" StageOptions="128" Conditions="12" Name="STBL_IDX_GAMEMODE_DESTROY_SG" />
	<Map Id="27" Rule="128" StageOptions="224" Conditions="12" Name="STBL_IDX_GAMEMODE_DESTROY_KCL" />
	<Map Id="28" Rule="0" StageOptions="96" Conditions="20" Name="STBL_IDX_GAMEMODE_DEFENSE_SR" />
	<Map Id="29" Rule="0" StageOptions="128" Conditions="20" Name="STBL_IDX_GAMEMODE_DEFENSE_SG" />
	<Map Id="30" Rule="0" StageOptions="224" Conditions="20" Name="STBL_IDX_GAMEMODE_DEFENSE_KCL" />
	<Map Id="31" Rule="128" StageOptions="96" Conditions="28" Name="STBL_IDX_GAMEMODE_ESCAPE_SR" />
	<Map Id="32" Rule="128" StageOptions="128" Conditions="28" Name="STBL_IDX_GAMEMODE_ESCAPE_SG" />
	<Map Id="33" Rule="128" StageOptions="224" Conditions="28" Name="STBL_IDX_GAMEMODE_ESCAPE_KCL" />
	<Map Id="34" Rule="0" StageOptions="96" Conditions="48" Name="STBL_IDX_GAMEMODE_CROSSCOUNT_SR" />
	<Map Id="35" Rule="0" StageOptions="128" Conditions="48" Name="STBL_IDX_GAMEMODE_CROSSCOUNT_SG" />
	<Map Id="36" Rule="0" StageOptions="224" Conditions="48" Name="STBL_IDX_GAMEMODE_CROSSCOUNT_KCL" />
	<Map Id="37" Rule="0" StageOptions="96" Conditions="52" Name="STBL_IDX_GAMEMODE_CONVOY_SR" />
	<Map Id="38" Rule="0" StageOptions="128" Conditions="52" Name="STBL_IDX_GAMEMODE_CONVOY_SG" />
	<Map Id="39" Rule="0" StageOptions="224" Conditions="52" Name="STBL_IDX_GAMEMODE_CONVOY_KCL" />
	<Map Id="40" Rule="224" StageOptions="0" Conditions="8" Name="STBL_IDX_GAMEMODE_BOMB_HHHO" />
	<Map Id="41" Rule="128" StageOptions="0" Conditions="52" Name="STBL_IDX_GAMEMODE_EVENTCONVOY" />
	<Map Id="42" Rule="128" StageOptions="0" Conditions="48" Name="STBL_IDX_GAMEMODE_CROSSCOUNT" />
	<Map Id="43" Rule="128" StageOptions="1" Conditions="16" Name="STBL_IDX_GAMEMODE_ANNIHILATION" />
	<Map Id="44" Rule="128" StageOptions="0" Conditions="52" Name="STBL_IDX_GAMEMODE_CONVOY" />
	<Map Id="45" Rule="12" StageOptions="0" Conditions="4" Name="STBL_IDX_GAMEMODE_SPACE_DEATHMATCH" />
	<Map Id="46" Rule="128" StageOptions="129" Conditions="16" Name="STBL_IDX_GAMEMODE_ANNIHILATION_SG" />
	<Map Id="47" Rule="192" StageOptions="1" Conditions="8" Name="STBL_IDX_GAMEMODE_BOMB_HARDCORE" />
	<Map Id="48" Rule="192" StageOptions="1" Conditions="52" Name="STBL_IDX_GAMEMODE_CONVOY_HARDCORE" />
	<Map Id="49" Rule="128" StageOptions="96" Conditions="16" Name="STBL_IDX_GAMEMODE_ANNIHILATION_SR" />
	<Map Id="50" Rule="128" StageOptions="224" Conditions="16" Name="STBL_IDX_GAMEMODE_ANNIHILATION_KCL" />
	<Map Id="51" Rule="128" StageOptions="96" Conditions="52" Name="STBL_IDX_GAMEMODE_CONVOY_SR_TEAMCHANGEON" />
	<Map Id="52" Rule="128" StageOptions="128" Conditions="52" Name="STBL_IDX_GAMEMODE_CONVOY_SG_TEAMCHANGEON" />
	<Map Id="53" Rule="128" StageOptions="224" Conditions="52" Name="STBL_IDX_GAMEMODE_CONVOY_KCL_TEAMCHANGEON" />
	<Map Id="54" Rule="12" StageOptions="0" Conditions="24" Name="STBL_IDX_GAMEMODE_FREEFORALL_SPACE" />
	<Map Id="55" Rule="128" StageOptions="0" Conditions="32" Name="STR_HEADER_MODE_ACE" />
	<Map Id="56" Rule="0" StageOptions="0" Conditions="36" Name="STBL_IDX_GAMEMODE_BOMB_ITEM" />
	<Map Id="57" Rule="4" StageOptions="1" Conditions="4" Name="STBL_IDX_GAMEMODE_DEATHMATCH_ITEM" />
	<Map Id="58" Rule="0" StageOptions="1" Conditions="36" Name="STR_HEADER_MODE_STEP_UP" />
</List>