<?xml version="1.0" encoding="utf-8" ?>
<List>
	<Title Id="13" ItemId="2700014" Count="1" Equip="3" />
	<Title Id="19" ItemId="2700016" Count="1" Equip="3" />
	<Title Id="25" ItemId="2700017" Count="1" Equip="3" />
	<Title Id="34" ItemId="2700015" Count="1" Equip="3" />
	<Title Id="39" ItemId="2700018" Count="1" Equip="3" />
	
	<!--<Title Id="8" ItemId="103014" Count="10" Equip="1" />
	<Title Id="10" ItemId="103013" Count="10" Equip="1" />
	<Title Id="12" ItemId="103036" Count="10" Equip="1" />
	<Title Id="12" ItemId="103015" Count="10" Equip="1" />
	<Title Id="14" ItemId="105006" Count="10" Equip="1" />
	<Title Id="16" ItemId="105024" Count="10" Equip="1" />
	<Title Id="18" ItemId="105005" Count="10" Equip="1" />
	<Title Id="20" ItemId="104007" Count="10" Equip="1" />
	<Title Id="20" ItemId="104009" Count="10" Equip="1" />
	<Title Id="22" ItemId="104011" Count="10" Equip="1" />
	<Title Id="24" ItemId="104013" Count="10" Equip="1" />
	<Title Id="26" ItemId="315001" Count="10" Equip="1" />
	<Title Id="28" ItemId="301004" Count="10" Equip="1" />
	<Title Id="29" ItemId="301007" Count="10" Equip="1" />
	<Title Id="30" ItemId="213001" Count="10" Equip="1" />
	<Title Id="32" ItemId="214001" Count="10" Equip="1" />
	<Title Id="32" ItemId="214002" Count="10" Equip="1" />
	<Title Id="35" ItemId="106004" Count="10" Equip="1" />
	<Title Id="37" ItemId="106003" Count="10" Equip="1" />
	<Title Id="40" ItemId="407004" Count="10" Equip="1" />
	<Title Id="42" ItemId="507005" Count="10" Equip="1" />-->
</List>