﻿<?xml version="1.0" encoding="utf-8" ?>
<List Count="30"> ;Everyday Login Box Plus
<Item Index="0" Id="300005090" Count="604800" Equip="1" Percent="70" Special="false"/> ;Cheytac M200 Tiger 7D
<Item Index="1" Id="100003154" Count="604800" Equip="1" Percent="50" Special="false"/> ;SC-2010 Gold 7D
<Item Index="2" Id="400006039" Count="86400" Equip="1" Percent="100" Special="false"/> ;UTS-15 1D
<Item Index="3" Id="200004159" Count="604800" Equip="1" Percent="50" Special="false"/> ;OA-93 7D
<Item Index="4" Id="300005090" Count="86400" Equip="1" Percent="100" Special="false"/> ;Cheytac M200 Tiger 1D
<Item Index="5" Id="400006041" Count="86400" Equip="1" Percent="100" Special="false"/> ;M1887 Lion Heart 1D
<Item Index="6" Id="100003154" Count="86400" Equip="1" Percent="100" Special="false"/> ;SC-2010 Gold 1D
<Item Index="7" Id="200004159" Count="86400" Equip="1" Percent="80" Special="false"/> ;OA-93 1D
<Item Index="8" Id="300005068" Count="86400" Equip="1" Percent="60" Special="false"/> ;XM2010 1D
<Item Index="9" Id="100003123" Count="86400" Equip="1" Percent="100" Special="false"/> ;TAR-21 1D
<Item Index="10" Id="400006039" Count="86400" Equip="1" Percent="100" Special="false"/> ;UTS-15 1D
<Item Index="11" Id="500010011" Count="86400" Equip="1" Percent="100" Special="false"/> ;Ultimax 100 1D
<Item Index="12" Id="601002023" Count="100" Equip="1" Percent="100" Special="false"/> ;IMI Uzi 9mm 1d
<Item Index="13" Id="601002029" Count="86400" Equip="1" Percent="75" Special="false"/> ;GL-06 1D
<Item Index="14" Id="1006003046" Count="86400" Equip="1" Percent="90" Special="false"/> ;Reinforced Acid 1D
<Item Index="15" Id="803007009" Count="100" Equip="1" Percent="100" Special="false"/> ;Granada de Chocolate 1D
<Item Index="16" Id="904007012" Count="86400" Equip="1" Percent="100" Special="false"/> ;WP Smoke Plus 1D
<Item Index="17" Id="1104003039" Count="86400" Equip="1" Percent="75" Special="false"/> ;Máscara Demônio Vermelho 1D
<Item Index="18" Id="1104003071" Count="100" Equip="1" Percent="75" Special="false"/> ;Crânio de Dinossauro 1D
<Item Index="19" Id="702001021" Count="86400" Equip="1" Percent="90" Special="false"/> ;Keris 1D
<Item Index="20" Id="1300032001" Count="1" Equip="1" Percent="80" Special="false"/> ;Munição Hollow Point 1D
<Item Index="21" Id="1300036001" Count="1" Equip="1" Percent="80" Special="false"/> ;Munição Hollow Point Fortificada 1D
<Item Index="22" Id="1300031001" Count="1" Equip="1" Percent="80" Special="false"/> ;Bala de Ferro EV 1D
<Item Index="23" Id="1300037001" Count="1" Equip="1" Percent="80" Special="false"/> ;Experiência 100% 1D
<Item Index="24" Id="1300038001" Count="1" Equip="1" Percent="80" Special="false"/> ;Bônus Gold 100% 1D
<Item Index="25" Id="1300064001" Count="1" Equip="1" Percent="80" Special="false"/> ;50% Redução de Respawn 1D
<Item Index="26" Id="1300011001" Count="1" Equip="1" Percent="80" Special="false"/> ;O bom perdedor 1D
<Item Index="27" Id="0" Count="2000" Equip="21" Percent="100" Special="false"/> ;Bônus Gold 2,000
<Item Index="28" Id="0" Count="5000" Equip="21" Percent="90" Special="false"/> ;Bônus Gold 5,000
<Item Index="29" Id="0" Count="10000" Equip="21" Percent="70" Special="false"/> ;Bônus Gold 10,000
<Item Index="30" Id="0" Count="25000" Equip="21" Percent="50" Special="false"/> ;Bônus Gold 25,000
</List>