﻿<?xml version="1.0" encoding="utf-8" ?>
<List Count="15"> ;Caixa Silence
<Item Index="0" Id="100003249" Count="5184000" Equip="1" Percent="30" Special="false"/> ;AUG A3 Silence 60D
<Item Index="1" Id="100003249" Count="2592000" Equip="1" Percent="45" Special="false"/> ;AUG A3 Silence 30D
<Item Index="2" Id="100003249" Count="604800" Equip="1" Percent="60" Special="false"/> ;AUG A3 Silence 7D
<Item Index="3" Id="100003249" Count="259200" Equip="1" Percent="80" Special="false"/> ;AUG A3 Silence 3D
<Item Index="4" Id="100003249" Count="86400" Equip="1" Percent="100" Special="false"/> ;AUG A3 Silence 1D

<Item Index="5" Id="300005144" Count="5184000" Equip="1" Percent="30" Special="false"/> ;Cheytac M200 Silence 60D
<Item Index="6" Id="300005144" Count="2592000" Equip="1" Percent="45" Special="false"/> ;Cheytac M200 Silence 30D
<Item Index="7" Id="300005144" Count="604800" Equip="1" Percent="60" Special="false"/> ;Cheytac M200 Silence 7D
<Item Index="8" Id="300005144" Count="259200" Equip="1" Percent="80" Special="false"/> ;Cheytac M200 Silence 3D
<Item Index="9" Id="300005144" Count="86400" Equip="1" Percent="100" Special="false"/> ;Cheytac M200 Silence 1D

<Item Index="10" Id="200004108" Count="5184000" Equip="1" Percent="30" Special="false"/> ;Kriss S.V Silence 60D
<Item Index="11" Id="200004108" Count="2592000" Equip="1" Percent="45" Special="false"/> ;Kriss S.V Silence 30D
<Item Index="12" Id="200004108" Count="604800" Equip="1" Percent="60" Special="false"/> ;Kriss S.V Silence 7D
<Item Index="13" Id="200004108" Count="259200" Equip="1" Percent="80" Special="false"/> ;Kriss S.V Silence 3D
<Item Index="14" Id="200004108" Count="86400" Equip="1" Percent="100" Special="false"/> ;Kriss S.V Silence 1D

<Item Index="15" Id="702015011" Count="15552000" Equip="1" Percent="30" Special="true"/> ;Dual Knife Vera Cruz 2016 180D
</List>