﻿<?xml version="1.0" encoding="utf-8" ?>
<List Count="16"> ;Caixa GSL2016
<Item Index="0" Id="100003258" Count="5184000" Equip="1" Percent="30" Special="false"/>     ;AUG A3 GSL2016 60D
<Item Index="0" Id="601002084" Count="5184000" Equip="1" Percent="30" Special="false"/>     ;C. Python GSL2016 60D
<Item Index="1" Id="200004263" Count="5184000" Equip="1" Percent="30" Special="false"/>     ;Kriss S.V GSL2016 60D
<Item Index="1" Id="601002084" Count="5184000" Equip="1" Percent="30" Special="false"/>     ;C. Python GSL2016 60D
<Item Index="2" Id="300005153" Count="5184000" Equip="1" Percent="30" Special="false"/>     ;Cheytac M200 GSL2016 60D
<Item Index="2" Id="601002084" Count="5184000" Equip="1" Percent="30" Special="false"/>     ;C. Python GSL2016 60D
<Item Index="3" Id="300005154" Count="5184000" Equip="1" Percent="30" Special="false"/>    ;Tactilite T2 GSL2016 60D
<Item Index="3" Id="601002084" Count="5184000" Equip="1" Percent="30" Special="false"/>    ;C. Python GSL2016 60D
<Item Index="4" Id="100003258" Count="2592000" Equip="1" Percent="45" Special="false"/>     ;AUG A3 GSL2016 30D
<Item Index="4" Id="601002084" Count="2592000" Equip="1" Percent="45" Special="false"/>     ;C. Python GSL2016 30D
<Item Index="5" Id="200004263" Count="2592000" Equip="1" Percent="45" Special="false"/>     ;Kriss S.V GSL2016 30D
<Item Index="5" Id="601002084" Count="2592000" Equip="1" Percent="45" Special="false"/>     ;C. Python GSL2016 30D
<Item Index="6" Id="300005153" Count="2592000" Equip="1" Percent="45" Special="false"/>     ;Cheytac M200 GSL2016 30D
<Item Index="6" Id="601002084" Count="2592000" Equip="1" Percent="45" Special="false"/>     ;C. Python GSL2016 30D
<Item Index="7" Id="300005154" Count="2592000" Equip="1" Percent="45" Special="false"/>    ;Tactilite T2 GSL2016 30D
<Item Index="7" Id="601002084" Count="2592000" Equip="1" Percent="45" Special="false"/>    ;C. Python GSL2016 30D
<Item Index="8" Id="100003258" Count="604800" Equip="1" Percent="75" Special="false"/>     ;AUG A3 GSL2016 7D
<Item Index="9" Id="200004263" Count="604800" Equip="1" Percent="75" Special="false"/>     ;Kriss S.V GSL2016 7D
<Item Index="10" Id="300005153" Count="604800" Equip="1" Percent="75" Special="false"/>    ;Cheytac M200 GSL2016 7D
<Item Index="11" Id="300005154" Count="604800" Equip="1" Percent="75" Special="false"/>   ;Tactilite T2 GSL2016 7D
<Item Index="12" Id="100003258" Count="259200" Equip="1" Percent="100" Special="false"/>    ;AUG A3 GSL2016 3D
<Item Index="13" Id="200004263" Count="259200" Equip="1" Percent="100" Special="false"/>    ;Kriss S.V GSL2016 3D
<Item Index="14" Id="300005153" Count="259200" Equip="1" Percent="100" Special="false"/>     ;Cheytac M200 GSL2016 3D
<Item Index="15" Id="300005154" Count="259200" Equip="1" Percent="100" Special="false"/>    ;Tactilite T2 GSL2016 3D
<Item Index="16" Id="702001149" Count="15552000" Equip="1" Percent="30" Special="true"/>     ;Fang Blade Alien 180D
</List>