﻿<?xml version="1.0" encoding="utf-8" ?>
<List Count="15"> ;Caixa Serpent
<Item Index="0" Id="100003253" Count="5184000" Equip="1" Percent="20" Special="false"/> ;AUG A3 Serpent 60D
<Item Index="1" Id="100003253" Count="2592000" Equip="1" Percent="35" Special="false"/> ;AUG A3 Serpent 30D
<Item Index="2" Id="100003253" Count="604800" Equip="1" Percent="65" Special="false"/> ;AUG A3 Serpent 7D
<Item Index="3" Id="100003253" Count="259200" Equip="1" Percent="100" Special="false"/> ;AUG A3 Serpent 3D
<Item Index="4" Id="300005149" Count="5184000" Equip="1" Percent="20" Special="false"/> ;Cheytac M200 Serpent 60D
<Item Index="5" Id="300005149" Count="2592000" Equip="1" Percent="35" Special="false"/> ;Cheytac M200 Serpent 30D
<Item Index="6" Id="300005149" Count="604800" Equip="1" Percent="65" Special="false"/> ;Cheytac M200 Serpent 7D
<Item Index="7" Id="300005149" Count="259200" Equip="1" Percent="100" Special="false"/> ;Cheytac M200 Serpent 3D
<Item Index="8" Id="200004118" Count="5184000" Equip="1" Percent="20" Special="false"/> ;P90 Ext. Serpent 60D
<Item Index="9" Id="200004118" Count="2592000" Equip="1" Percent="35" Special="false"/> ;P90 Ext. Serpent 30D
<Item Index="10" Id="200004118" Count="604800" Equip="1" Percent="65" Special="false"/> ;P90 Ext. Serpent 7D
<Item Index="11" Id="200004118" Count="259200" Equip="1" Percent="100" Special="false"/> ;P90 Ext. Serpent 3D
<Item Index="12" Id="200004116" Count="5184000" Equip="1" Percent="20" Special="false"/> ;Kriss S.V Serpent 60D
<Item Index="13" Id="200004116" Count="2592000" Equip="1" Percent="35" Special="false"/> ;Kriss S.V Serpent 30D
<Item Index="14" Id="200004116" Count="604800" Equip="1" Percent="65" Special="false"/> ;Kriss S.V Serpent 7D
<Item Index="15" Id="200004116" Count="259200" Equip="1" Percent="100" Special="false"/> ;Kriss S.V Serpent 3D
</List>