﻿<?xml version="1.0" encoding="utf-8" ?>
<List Count="16"> ;Caixa Dragon
<Item Index="0" Id="100003265" Count="5184000" Equip="1" Percent="35" Special="false"/> ;AUG A3 Dragon 60D
<Item Index="1" Id="100003265" Count="2592000" Equip="1" Percent="45" Special="false"/> ;AUG A3 Dragon 30D
<Item Index="2" Id="100003265" Count="604800" Equip="1" Percent="55" Special="false"/> ;AUG A3 Dragon 7D
<Item Index="3" Id="100003265" Count="259200" Equip="1" Percent="100" Special="false"/> ;AUG A3 Dragon 3D
<Item Index="4" Id="300005162" Count="5184000" Equip="1" Percent="35" Special="false"/> ;Tactilite T2 Dragon 60D
<Item Index="5" Id="300005162" Count="2592000" Equip="1" Percent="45" Special="false"/> ;Tactilite T2 Dragon 30D
<Item Index="6" Id="300005162" Count="604800" Equip="1" Percent="55" Special="false"/> ;Tactilite T2 Dragon 7D
<Item Index="7" Id="300005162" Count="259200" Equip="1" Percent="100" Special="false"/> ;Tactilite T2 Dragon 3D
<Item Index="8" Id="200004272" Count="5184000" Equip="1" Percent="35" Special="false"/> ;P90 EXT Dragon 60D
<Item Index="9" Id="200004272" Count="2592000" Equip="1" Percent="45" Special="false"/> ;P90 EXT Dragon 30D
<Item Index="10" Id="200004272" Count="604800" Equip="1" Percent="55" Special="false"/> ;P90 EXT Dragon 7D
<Item Index="11" Id="200004272" Count="259200" Equip="1" Percent="100" Special="false"/> ;P90 EXT Dragon 3D
<Item Index="12" Id="400006070" Count="5184000" Equip="1" Percent="35" Special="false"/> ;M1887 Dragon 60D
<Item Index="13" Id="400006070" Count="2592000" Equip="1" Percent="45" Special="false"/> ;M1887 Dragon 30D
<Item Index="14" Id="400006070" Count="604800" Equip="1" Percent="55" Special="false"/> ;M1887 Dragon 7D
<Item Index="15" Id="400006070" Count="259200" Equip="1" Percent="100" Special="false"/> ;M1887 Dragon 3D
<Item Index="16" Id="702001127" Count="15552000" Equip="1" Percent="35" Special="false"/> ;Fang Blade Sakura 180D
</List>