﻿<?xml version="1.0" encoding="utf-8" ?>
<List Count="16"> ;Caixa E-Sport2
<Item Index="0" Id="100003263" Count="5184000" Equip="1" Percent="30" Special="false"/> ;AUG A3 E-Sport2 60D
<Item Index="1" Id="100003263" Count="2592000" Equip="1" Percent="45" Special="false"/> ;AUG A3 E-Sport2 30D
<Item Index="2" Id="100003263" Count="604800" Equip="1" Percent="60" Special="false"/> ;AUG A3 E-Sport2 7D
<Item Index="3" Id="100003263" Count="259200" Equip="1" Percent="100" Special="false"/> ;AUG A3 E-Sport2 3D

<Item Index="4" Id="300005161" Count="5184000" Equip="1" Percent="30" Special="false"/> ;Tactilite T2 E-Sport2 60D
<Item Index="5" Id="300005161" Count="2592000" Equip="1" Percent="45" Special="false"/> ;Tactilite T2 E-Sport2 30D
<Item Index="6" Id="300005161" Count="604800" Equip="1" Percent="60" Special="false"/> ;Tactilite T2 E-Sport2 7D
<Item Index="7" Id="300005161" Count="259200" Equip="1" Percent="100" Special="false"/> ;Tactilite T2 E-Sport2 3D

<Item Index="8" Id="200004270" Count="5184000" Equip="1" Percent="30" Special="false"/> ;Kriss S.V E-Sport2 60D
<Item Index="9" Id="200004270" Count="2592000" Equip="1" Percent="45" Special="false"/> ;Kriss S.V E-Sport2 30D
<Item Index="10" Id="200004270" Count="604800" Equip="1" Percent="60" Special="false"/> ;Kriss S.V E-Sport2 7D
<Item Index="11" Id="200004270" Count="259200" Equip="1" Percent="100" Special="false"/> ;Kriss S.V E-Sport2 3D

<Item Index="12" Id="100003264" Count="5184000" Equip="1" Percent="30" Special="false"/> ;Famas G2 M203 E-Sport2 60D
<Item Index="13" Id="100003264" Count="2592000" Equip="1" Percent="45" Special="false"/> ;Famas G2 M203 E-Sport2 30D
<Item Index="14" Id="100003264" Count="604800" Equip="1" Percent="60" Special="false"/> ;Famas G2 M203 E-Sport2 7D
<Item Index="15" Id="100003264" Count="259200" Equip="1" Percent="100" Special="false"/> ;Famas G2 M203 E-Sport2 3D

<Item Index="16" Id="702015012" Count="15552000" Equip="1" Percent="30" Special="true"/> ;Dual Kunai Serpent 180D
</List>