﻿<?xml version="1.0" encoding="utf-8" ?>
<List Count="9"> OA-7 Box
<Item Index="0" Id="200004362" Count="86400" Equip="1" Percent="10" Special="false"/> ;OA-93 MechHero 1D
<Item Index="1" Id="200018121" Count="86400" Equip="1" Percent="20" Special="false"/> ;OA-93 Beyond 1D
<Item Index="2" Id="200004347" Count="86400" Equip="1" Percent="32" Special="false"/> ;OA-93 Ramadan 1D
<Item Index="3" Id="200004405" Count="86400" Equip="1" Percent="11" Special="false"/> ;OA-93 MNB3 1D
<Item Index="4" Id="200018034" Count="86400" Equip="1" Percent="77" Special="false"/> ;OA-93 Gold 1D
<Item Index="5" Id="200004362" Count="604800" Equip="1" Percent="87" Special="false"/> ;OA-93 MechHero 7D 
<Item Index="6" Id="200018121" Count="604800" Equip="1" Percent="61" Special="false"/> ;OA-93 Beyond 7D
<Item Index="7" Id="200004347" Count="604800" Equip="1" Percent="32" Special="false"/> ;OA-93 Ramadan 7D
<Item Index="8" Id="200004405" Count="604800" Equip="1" Percent="66" Special="false"/> ;OA-93 MNB3 7D
<Item Index="9" Id="200018034" Count="604800" Equip="1" Percent="77" Special="false"/> ;OA-93 Gold 7D
</List>