<?xml version="1.0" encoding="utf-8" ?>
<List>
	<Rank Id="0" NextLevel="24000" AllExp="0"/>
	<Rank Id="1" NextLevel="40000" AllExp="24000"/>
	<Rank Id="2" NextLevel="48000" AllExp="64000"/>
	<Rank Id="3" NextLevel="56000" AllExp="112000"/>
	<Rank Id="4" NextLevel="72000" AllExp="168000"/>
	<Rank Id="5" NextLevel="80000" AllExp="240000"/>
	<Rank Id="6" NextLevel="120000" AllExp="320000"/>
	<Rank Id="7" NextLevel="160000" AllExp="440000"/>
	<Rank Id="8" NextLevel="120000" AllExp="600000"/>
	<Rank Id="9" NextLevel="200000" AllExp="720000"/>
	<Rank Id="10" NextLevel="240000" AllExp="920000"/>
	<Rank Id="11" NextLevel="280000" AllExp="1160000"/>
	<Rank Id="12" NextLevel="320000" AllExp="1440000"/>
	<Rank Id="13" NextLevel="360000" AllExp="1760000"/>
	<Rank Id="14" NextLevel="360000" AllExp="2120000"/>
	<Rank Id="15" NextLevel="400000" AllExp="2480000"/>
	<Rank Id="16" NextLevel="480000" AllExp="2880000"/>
	<Rank Id="17" NextLevel="560000" AllExp="3360000"/>
	<Rank Id="18" NextLevel="640000" AllExp="3920000"/>
	<Rank Id="19" NextLevel="720000" AllExp="4560000"/>
	<Rank Id="20" NextLevel="560000" AllExp="5280000"/>
	<Rank Id="21" NextLevel="640000" AllExp="5840000"/>
	<Rank Id="22" NextLevel="720000" AllExp="6480000"/>
	<Rank Id="23" NextLevel="800000" AllExp="7200000"/>
	<Rank Id="24" NextLevel="880000" AllExp="8000000"/>
	<Rank Id="25" NextLevel="960000" AllExp="8880000"/>
	<Rank Id="26" NextLevel="1870000" AllExp="9840000"/>
	<Rank Id="27" NextLevel="1120000" AllExp="11710000"/>
	<Rank Id="28" NextLevel="1200000" AllExp="12830000"/>
	<Rank Id="29" NextLevel="1280000" AllExp="14030000"/>
	<Rank Id="30" NextLevel="1600000" AllExp="15310000"/>
	<Rank Id="31" NextLevel="1620000" AllExp="16910000"/>
	<Rank Id="32" NextLevel="1440000" AllExp="18530000"/>
	<Rank Id="33" NextLevel="2560000" AllExp="19970000"/>
	<Rank Id="34" NextLevel="2880000" AllExp="22530000"/>
	<Rank Id="35" NextLevel="3200000" AllExp="25410000"/>
	<Rank Id="36" NextLevel="3520000" AllExp="28610000"/>
	<Rank Id="37" NextLevel="3840000" AllExp="32130000"/>
	<Rank Id="38" NextLevel="4160000" AllExp="35970000"/>
	<Rank Id="39" NextLevel="4480000" AllExp="40130000"/>
	<Rank Id="40" NextLevel="4800000" AllExp="44610000"/>
	<Rank Id="41" NextLevel="5120000" AllExp="49410000"/>
	<Rank Id="42" NextLevel="5440000" AllExp="54530000"/>
	<Rank Id="43" NextLevel="5760000" AllExp="59970000"/>
	<Rank Id="44" NextLevel="6080000" AllExp="65730000"/>
	<Rank Id="45" NextLevel="6800000" AllExp="71810000"/>
	<Rank Id="46" NextLevel="7200000" AllExp="78610000"/>
	<Rank Id="47" NextLevel="7600000" AllExp="85810000"/>
	<Rank Id="48" NextLevel="9200000" AllExp="93410000"/>
</List>