<?xml version="1.0" encoding="utf-8" ?>
<List>
	<Rank Id="0" NextLevel="2000" PointUp="0" AllExp="0"/>
	<Rank Id="1" NextLevel="3000" PointUp="1000" AllExp="2000"/>
	<Rank Id="2" NextLevel="4000" PointUp="2000" AllExp="5000"/>
	<Rank Id="3" NextLevel="5000" PointUp="4000" AllExp="9000"/>
	<Rank Id="4" NextLevel="7000" PointUp="6000" AllExp="14000"/>
	<Rank Id="5" NextLevel="9000" PointUp="8000" AllExp="21000"/>
	<Rank Id="6" NextLevel="11000" PointUp="8000" AllExp="30000"/>
	<Rank Id="7" NextLevel="13500" PointUp="8000" AllExp="41000"/>
	<Rank Id="8" NextLevel="16000" PointUp="10000" AllExp="54500"/>
	<Rank Id="9" NextLevel="18500" PointUp="10000" AllExp="70500"/>
	<Rank Id="10" NextLevel="21000" PointUp="10000" AllExp="89000"/>
	<Rank Id="11" NextLevel="24000" PointUp="10000" AllExp="110000"/>
	<Rank Id="12" NextLevel="27000" PointUp="12000" AllExp="134000"/>
	<Rank Id="13" NextLevel="30000" PointUp="12000" AllExp="161000"/>
	<Rank Id="14" NextLevel="33000" PointUp="12000" AllExp="191000"/>
	<Rank Id="15" NextLevel="36000" PointUp="12000" AllExp="224000"/>
	<Rank Id="16" NextLevel="41000" PointUp="12000" AllExp="260000"/>
	<Rank Id="17" NextLevel="46000" PointUp="14000" AllExp="301000"/>
	<Rank Id="18" NextLevel="51000" PointUp="14000" AllExp="347000"/>
	<Rank Id="19" NextLevel="56000" PointUp="14000" AllExp="398000"/>
	<Rank Id="20" NextLevel="62000" PointUp="14000" AllExp="454000"/>
	<Rank Id="21" NextLevel="68000" PointUp="16000" AllExp="516000"/>
	<Rank Id="22" NextLevel="74000" PointUp="16000" AllExp="584000"/>
	<Rank Id="23" NextLevel="80000" PointUp="16000" AllExp="658000"/>
	<Rank Id="24" NextLevel="86000" PointUp="16000" AllExp="738000"/>
	<Rank Id="25" NextLevel="93000" PointUp="16000" AllExp="824000"/>
	<Rank Id="26" NextLevel="100000" PointUp="18000" AllExp="917000"/>
	<Rank Id="27" NextLevel="107000" PointUp="18000" AllExp="1017000"/>
	<Rank Id="28" NextLevel="114000" PointUp="18000" AllExp="1124000"/>
	<Rank Id="29" NextLevel="121000" PointUp="18000" AllExp="1238000"/>
	<Rank Id="30" NextLevel="151000" PointUp="18000" AllExp="1359000"/>
	<Rank Id="31" NextLevel="181000" PointUp="20000" AllExp="1510000"/>
	<Rank Id="32" NextLevel="211000" PointUp="20000" AllExp="1691000"/>
	<Rank Id="33" NextLevel="241000" PointUp="20000" AllExp="1902000"/>
	<Rank Id="34" NextLevel="271000" PointUp="20000" AllExp="2143000"/>
	<Rank Id="35" NextLevel="311000" PointUp="20000" AllExp="2414000"/>
	<Rank Id="36" NextLevel="351000" PointUp="22000" AllExp="2725000"/>
	<Rank Id="37" NextLevel="391000" PointUp="22000" AllExp="3076000"/>
	<Rank Id="38" NextLevel="413000" PointUp="22000" AllExp="3467000"/>
	<Rank Id="39" NextLevel="471000" PointUp="22000" AllExp="3898000"/>
	<Rank Id="40" NextLevel="521000" PointUp="22000" AllExp="4369000"/>
	<Rank Id="41" NextLevel="571000" PointUp="24000" AllExp="4890000"/>
	<Rank Id="42" NextLevel="621000" PointUp="24000" AllExp="5461000"/>
	<Rank Id="43" NextLevel="671000" PointUp="24000" AllExp="6082000"/>
	<Rank Id="44" NextLevel="721000" PointUp="24000" AllExp="6753000"/>
	<Rank Id="45" NextLevel="781000" PointUp="24000" AllExp="7474000"/>
	<Rank Id="46" NextLevel="851000" PointUp="28000" AllExp="8255000"/>
	<Rank Id="47" NextLevel="931000" PointUp="32000" AllExp="9106000"/>
	<Rank Id="48" NextLevel="1021000" PointUp="36000" AllExp="10037000"/>
	<Rank Id="49" NextLevel="1121000" PointUp="40000" AllExp="11058000"/>
	<Rank Id="50" NextLevel="100000000" PointUp="60000" AllExp="12179000"/>
	<Rank Id="51" NextLevel="-1" PointUp="0" AllExp="0"/>
	<Rank Id="52" NextLevel="0" PointUp="0" AllExp="0"/>
	<Rank Id="53" NextLevel="0" PointUp="0" AllExp="0"/>
	<Rank Id="54" NextLevel="0" PointUp="0" AllExp="0"/>
	<Rank Id="55" NextLevel="0" PointUp="0" AllExp="0"/>
</List>